"id","financing_type_id","name","description"
1,13,Mercado Pago,Mercado Pago es una institución financiera no bancaria en México (IFPE)
2,2,BBVA,"BBVA grupo financiero Global, con banca múltiple en México"
3,2,Santander,"Santander grupo financiero Global, con banca múltiple en México"
4,10,NU,En México Opera como Sofipo
6,10,Stori Cuenta+,Stori es una empresa mexicana de tecnología financiera que ofrece servicios digitales como tarjetas de crédito y cuentas de ahorro con altos rendimientos
7,12,Cetes,Cetesdirecto es una plataforma digital gratuita operada por el Gobierno de México.
8,9,Allianz - OptiMaxx,Plan de Ahorro para el retiro
9,7,Bitso,Broker mexicano para hacer trading the cripto monedas
10,11,Afore,Cuenta de Afore
11,4,Efectivo,Cash
